Ciphertext,Length,Pseudo-Random Code (Binary)
Ciphertext 1,55,1100001011010100011101111100100110000101101010001110111
Ciphertext 2,107,11001001100001011010100011101111100100110000101101010001110111110010011000010110101000111011111001001100001
Ciphertext 3,117,110010011000010110101000111011111001001100001011010100011101111100100110000101101010001110111110010011000010110101000
Ciphertext 4,27,101010001110111110010011000
Ciphertext 5,80,10010011000010110101000111011111001001100001011010100011101111100100110000101101
Ciphertext 6,41,11101111100100110000101101010001110111110
Ciphertext 7,111,101101010001110111110010011000010110101000111011111001001100001011010100011101111100100110000101101010001110111
Ciphertext 8,36,101101010001110111110010011000010110
Ciphertext 9,75,111100100110000101101010001110111110010011000010110101000111011111001001100
Ciphertext 10,50,11011111001001100001011010100011101111100100110000
Ciphertext 11,80,11001001100001011010100011101111100100110000101101010001110111110010011000010110
Ciphertext 12,25,1101111100100110000101101
Ciphertext 13,103,1011010100011101111100100110000101101010001110111110010011000010110101000111011111001001100001011010100
Ciphertext 14,58,1101010001110111110010011000010110101000111011111001001100
Ciphertext 15,35,11100100110000101101010001110111110
Ciphertext 16,70,1110111110010011000010110101000111011111001001100001011010100011101111
Ciphertext 17,49,1111001001100001011010100011101111100100110000101
Ciphertext 18,42,101000111011111001001100001011010100011101
Ciphertext 19,110,10000101101010001110111110010011000010110101000111011111001001100001011010100011101111100100110000101101010001
Ciphertext 20,107,10111110010011000010110101000111011111001001100001011010100011101111100100110000101101010001110111110010011
Ciphertext 21,112,1111100100110000101101010001110111110010011000010110101000111011111001001100001011010100011101111100100110000101
Ciphertext 22,111,111011111001001100001011010100011101111100100110000101101010001110111110010011000010110101000111011111001001100
Ciphertext 23,119,11010100011101111100100110000101101010001110111110010011000010110101000111011111001001100001011010100011101111100100110
Ciphertext 24,53,10101000111011111001001100001011010100011101111100100
Ciphertext 25,83,10110101000111011111001001100001011010100011101111100100110000101101010001110111110
Ciphertext 26,36,100100110000101101010001110111110010
Ciphertext 27,88,1011010100011101111100100110000101101010001110111110010011000010110101000111011111001001
Ciphertext 28,42,101000111011111001001100001011010100011101
Ciphertext 29,60,110101000111011111001001100001011010100011101111100100110000
Ciphertext 30,33,100110000101101010001110111110010
Ciphertext 31,118,1010001110111110010011000010110101000111011111001001100001011010100011101111100100110000101101010001110111110010011000
Ciphertext 32,25,1011010100011101111100100
Ciphertext 33,56,11010100011101111100100110000101101010001110111110010011
Ciphertext 34,36,111001001100001011010100011101111100
Ciphertext 35,85,1101010001110111110010011000010110101000111011111001001100001011010100011101111100100
Ciphertext 36,66,101111100100110000101101010001110111110010011000010110101000111011
Ciphertext 37,74,11100100110000101101010001110111110010011000010110101000111011111001001100
Ciphertext 38,66,100110000101101010001110111110010011000010110101000111011111001001
Ciphertext 39,88,1100001011010100011101111100100110000101101010001110111110010011000010110101000111011111
Ciphertext 40,67,1011010100011101111100100110000101101010001110111110010011000010110
Ciphertext 41,50,10101000111011111001001100001011010100011101111100
Ciphertext 42,34,1111100100110000101101010001110111
Ciphertext 43,55,1011010100011101111100100110000101101010001110111110010
Ciphertext 44,33,111011111001001100001011010100011
Ciphertext 45,105,110111110010011000010110101000111011111001001100001011010100011101111100100110000101101010001110111110010
Ciphertext 46,100,1000111011111001001100001011010100011101111100100110000101101010001110111110010011000010110101000111
Ciphertext 47,27,101000111011111001001100001
Ciphertext 48,91,1110010011000010110101000111011111001001100001011010100011101111100100110000101101010001110
Ciphertext 49,75,101101010001110111110010011000010110101000111011111001001100001011010100011
Ciphertext 50,124,1111001001100001011010100011101111100100110000101101010001110111110010011000010110101000111011111001001100001011010100011101
Ciphertext 51,45,101010001110111110010011000010110101000111011
Ciphertext 52,63,111100100110000101101010001110111110010011000010110101000111011
Ciphertext 53,112,1100100110000101101010001110111110010011000010110101000111011111001001100001011010100011101111100100110000101101
Ciphertext 54,36,101000111011111001001100001011010100
Ciphertext 55,52,1000111011111001001100001011010100011101111100100110
Ciphertext 56,59,10000101101010001110111110010011000010110101000111011111001
Ciphertext 57,122,11000010110101000111011111001001100001011010100011101111100100110000101101010001110111110010011000010110101000111011111001
Ciphertext 58,70,1101111100100110000101101010001110111110010011000010110101000111011111
Ciphertext 59,30,110101000111011111001001100001
Ciphertext 60,93,101101010001110111110010011000010110101000111011111001001100001011010100011101111100100110000
Ciphertext 61,108,111100100110000101101010001110111110010011000010110101000111011111001001100001011010100011101111100100110000
Ciphertext 62,121,1010100011101111100100110000101101010001110111110010011000010110101000111011111001001100001011010100011101111100100110000
Ciphertext 63,63,101000111011111001001100001011010100011101111100100110000101101
Ciphertext 64,94,1000111011111001001100001011010100011101111100100110000101101010001110111110010011000010110101
Ciphertext 65,75,111011111001001100001011010100011101111100100110000101101010001110111110010
Ciphertext 66,42,100110000101101010001110111110010011000010
Ciphertext 67,84,111001001100001011010100011101111100100110000101101010001110111110010011000010110101
Ciphertext 68,28,1000111011111001001100001011
Ciphertext 69,97,1101010001110111110010011000010110101000111011111001001100001011010100011101111100100110000101101
Ciphertext 70,60,101101010001110111110010011000010110101000111011111001001100
Ciphertext 71,117,101101010001110111110010011000010110101000111011111001001100001011010100011101111100100110000101101010001110111110010
Ciphertext 72,44,10010011000010110101000111011111001001100001
Ciphertext 73,120,101010001110111110010011000010110101000111011111001001100001011010100011101111100100110000101101010001110111110010011000
Ciphertext 74,86,10001110111110010011000010110101000111011111001001100001011010100011101111100100110000
Ciphertext 75,126,110101000111011111001001100001011010100011101111100100110000101101010001110111110010011000010110101000111011111001001100001011
Ciphertext 76,77,10100011101111100100110000101101010001110111110010011000010110101000111011111
Ciphertext 77,24,101101010001110111110010
Ciphertext 78,126,110010011000010110101000111011111001001100001011010100011101111100100110000101101010001110111110010011000010110101000111011111
Ciphertext 79,116,11111001001100001011010100011101111100100110000101101010001110111110010011000010110101000111011111001001100001011010
Ciphertext 80,45,110101000111011111001001100001011010100011101
Ciphertext 81,79,1101010001110111110010011000010110101000111011111001001100001011010100011101111
Ciphertext 82,125,10000101101010001110111110010011000010110101000111011111001001100001011010100011101111100100110000101101010001110111110010011
Ciphertext 83,76,1011010100011101111100100110000101101010001110111110010011000010110101000111
Ciphertext 84,108,111001001100001011010100011101111100100110000101101010001110111110010011000010110101000111011111001001100001
Ciphertext 85,77,11110010011000010110101000111011111001001100001011010100011101111100100110000
Ciphertext 86,89,10110101000111011111001001100001011010100011101111100100110000101101010001110111110010011
Ciphertext 87,50,11001001100001011010100011101111100100110000101101
Ciphertext 88,107,11011111001001100001011010100011101111100100110000101101010001110111110010011000010110101000111011111001001
Ciphertext 89,86,11111001001100001011010100011101111100100110000101101010001110111110010011000010110101
Ciphertext 90,32,10011000010110101000111011111001
Ciphertext 91,122,10100011101111100100110000101101010001110111110010011000010110101000111011111001001100001011010100011101111100100110000101
Ciphertext 92,33,110101000111011111001001100001011
Ciphertext 93,121,1100001011010100011101111100100110000101101010001110111110010011000010110101000111011111001001100001011010100011101111100
Ciphertext 94,62,11110010011000010110101000111011111001001100001011010100011101
Ciphertext 95,65,11000010110101000111011111001001100001011010100011101111100100110
Ciphertext 96,54,110101000111011111001001100001011010100011101111100100
Ciphertext 97,123,101010001110111110010011000010110101000111011111001001100001011010100011101111100100110000101101010001110111110010011000010
Ciphertext 98,28,1011010100011101111100100110
Ciphertext 99,31,1011111001001100001011010100011
Ciphertext 100,105,101000111011111001001100001011010100011101111100100110000101101010001110111110010011000010110101000111011
Ciphertext 101,126,100001011010100011101111100100110000101101010001110111110010011000010110101000111011111001001100001011010100011101111100100110
Ciphertext 102,29,11110010011000010110101000111
Ciphertext 103,27,111011111001001100001011010
Ciphertext 104,117,110101000111011111001001100001011010100011101111100100110000101101010001110111110010011000010110101000111011111001001
Ciphertext 105,90,100110000101101010001110111110010011000010110101000111011111001001100001011010100011101111
Ciphertext 106,69,111001001100001011010100011101111100100110000101101010001110111110010
Ciphertext 107,87,110010011000010110101000111011111001001100001011010100011101111100100110000101101010001
Ciphertext 108,70,1111100100110000101101010001110111110010011000010110101000111011111001
Ciphertext 109,90,101111100100110000101101010001110111110010011000010110101000111011111001001100001011010100
Ciphertext 110,96,101101010001110111110010011000010110101000111011111001001100001011010100011101111100100110000101
Ciphertext 111,49,1101111100100110000101101010001110111110010011000
Ciphertext 112,34,1101010001110111110010011000010110
Ciphertext 113,30,111100100110000101101010001110
Ciphertext 114,69,101101010001110111110010011000010110101000111011111001001100001011010
Ciphertext 115,47,11111001001100001011010100011101111100100110000
Ciphertext 116,26,11001001100001011010100011
Ciphertext 117,85,1001001100001011010100011101111100100110000101101010001110111110010011000010110101000
Ciphertext 118,60,100110000101101010001110111110010011000010110101000111011111
Ciphertext 119,107,10010011000010110101000111011111001001100001011010100011101111100100110000101101010001110111110010011000010
Ciphertext 120,115,1111100100110000101101010001110111110010011000010110101000111011111001001100001011010100011101111100100110000101101
Ciphertext 121,71,11100100110000101101010001110111110010011000010110101000111011111001001
Ciphertext 122,50,11110010011000010110101000111011111001001100001011
Ciphertext 123,98,11010100011101111100100110000101101010001110111110010011000010110101000111011111001001100001011010
Ciphertext 124,94,1110111110010011000010110101000111011111001001100001011010100011101111100100110000101101010001
Ciphertext 125,45,100001011010100011101111100100110000101101010
Ciphertext 126,94,1011010100011101111100100110000101101010001110111110010011000010110101000111011111001001100001
Ciphertext 127,71,11001001100001011010100011101111100100110000101101010001110111110010011
Ciphertext 128,109,1111001001100001011010100011101111100100110000101101010001110111110010011000010110101000111011111001001100001
Ciphertext 129,36,111110010011000010110101000111011111
Ciphertext 130,56,10000101101010001110111110010011000010110101000111011111
Ciphertext 131,82,1110010011000010110101000111011111001001100001011010100011101111100100110000101101
Ciphertext 132,73,1100001011010100011101111100100110000101101010001110111110010011000010110
Ciphertext 133,48,111100100110000101101010001110111110010011000010
Ciphertext 134,72,111100100110000101101010001110111110010011000010110101000111011111001001
Ciphertext 135,91,1001100001011010100011101111100100110000101101010001110111110010011000010110101000111011111
Ciphertext 136,108,111011111001001100001011010100011101111100100110000101101010001110111110010011000010110101000111011111001001
Ciphertext 137,98,11010100011101111100100110000101101010001110111110010011000010110101000111011111001001100001011010
Ciphertext 138,81,111110010011000010110101000111011111001001100001011010100011101111100100110000101
Ciphertext 139,73,1010001110111110010011000010110101000111011111001001100001011010100011101
Ciphertext 140,38,11000010110101000111011111001001100001
Ciphertext 141,127,1110010011000010110101000111011111001001100001011010100011101111100100110000101101010001110111110010011000010110101000111011111
Ciphertext 142,47,11101111100100110000101101010001110111110010011
Ciphertext 143,123,111100100110000101101010001110111110010011000010110101000111011111001001100001011010100011101111100100110000101101010001110
Ciphertext 144,25,1101010001110111110010011
Ciphertext 145,35,10011000010110101000111011111001001
Ciphertext 146,102,101111100100110000101101010001110111110010011000010110101000111011111001001100001011010100011101111100
Ciphertext 147,25,1100001011010100011101111
Ciphertext 148,50,10001110111110010011000010110101000111011111001001
Ciphertext 149,34,1110010011000010110101000111011111
Ciphertext 150,95,11101111100100110000101101010001110111110010011000010110101000111011111001001100001011010100011
Ciphertext 151,24,111110010011000010110101
Ciphertext 152,70,1001001100001011010100011101111100100110000101101010001110111110010011
Ciphertext 153,31,1000111011111001001100001011010
Ciphertext 154,94,1100001011010100011101111100100110000101101010001110111110010011000010110101000111011111001001
Ciphertext 155,89,11100100110000101101010001110111110010011000010110101000111011111001001100001011010100011
Ciphertext 156,28,1111001001100001011010100011
Ciphertext 157,98,11000010110101000111011111001001100001011010100011101111100100110000101101010001110111110010011000
Ciphertext 158,77,11110010011000010110101000111011111001001100001011010100011101111100100110000
Ciphertext 159,73,1101111100100110000101101010001110111110010011000010110101000111011111001
Ciphertext 160,77,11101111100100110000101101010001110111110010011000010110101000111011111001001
Ciphertext 161,87,110000101101010001110111110010011000010110101000111011111001001100001011010100011101111
Ciphertext 162,80,11011111001001100001011010100011101111100100110000101101010001110111110010011000
Ciphertext 163,73,1010100011101111100100110000101101010001110111110010011000010110101000111
Ciphertext 164,73,1000111011111001001100001011010100011101111100100110000101101010001110111
Ciphertext 165,87,110010011000010110101000111011111001001100001011010100011101111100100110000101101010001
Ciphertext 166,35,10011000010110101000111011111001001
Ciphertext 167,44,10111110010011000010110101000111011111001001
Ciphertext 168,77,10101000111011111001001100001011010100011101111100100110000101101010001110111
Ciphertext 169,109,1110010011000010110101000111011111001001100001011010100011101111100100110000101101010001110111110010011000010
Ciphertext 170,117,111110010011000010110101000111011111001001100001011010100011101111100100110000101101010001110111110010011000010110101
Ciphertext 171,70,1001001100001011010100011101111100100110000101101010001110111110010011
Ciphertext 172,26,11000010110101000111011111
Ciphertext 173,116,10000101101010001110111110010011000010110101000111011111001001100001011010100011101111100100110000101101010001110111
Ciphertext 174,74,10001110111110010011000010110101000111011111001001100001011010100011101111
Ciphertext 175,120,110000101101010001110111110010011000010110101000111011111001001100001011010100011101111100100110000101101010001110111110
Ciphertext 176,93,111100100110000101101010001110111110010011000010110101000111011111001001100001011010100011101
Ciphertext 177,27,101111100100110000101101010
Ciphertext 178,40,1000111011111001001100001011010100011101
Ciphertext 179,67,1001001100001011010100011101111100100110000101101010001110111110010
Ciphertext 180,94,1101010001110111110010011000010110101000111011111001001100001011010100011101111100100110000101
Ciphertext 181,113,11001001100001011010100011101111100100110000101101010001110111110010011000010110101000111011111001001100001011010
Ciphertext 182,30,111100100110000101101010001110
Ciphertext 183,59,11001001100001011010100011101111100100110000101101010001110
Ciphertext 184,75,110111110010011000010110101000111011111001001100001011010100011101111100100
Ciphertext 185,33,100110000101101010001110111110010
Ciphertext 186,72,101000111011111001001100001011010100011101111100100110000101101010001110
Ciphertext 187,68,11101111100100110000101101010001110111110010011000010110101000111011
Ciphertext 188,108,101101010001110111110010011000010110101000111011111001001100001011010100011101111100100110000101101010001110
Ciphertext 189,30,101000111011111001001100001011
Ciphertext 190,125,11101111100100110000101101010001110111110010011000010110101000111011111001001100001011010100011101111100100110000101101010001
Ciphertext 191,117,101101010001110111110010011000010110101000111011111001001100001011010100011101111100100110000101101010001110111110010
Ciphertext 192,91,1011010100011101111100100110000101101010001110111110010011000010110101000111011111001001100
Ciphertext 193,90,111110010011000010110101000111011111001001100001011010100011101111100100110000101101010001
Ciphertext 194,75,100001011010100011101111100100110000101101010001110111110010011000010110101
Ciphertext 195,41,10101000111011111001001100001011010100011
Ciphertext 196,113,11110010011000010110101000111011111001001100001011010100011101111100100110000101101010001110111110010011000010110
Ciphertext 197,117,100011101111100100110000101101010001110111110010011000010110101000111011111001001100001011010100011101111100100110000
Ciphertext 198,117,110111110010011000010110101000111011111001001100001011010100011101111100100110000101101010001110111110010011000010110
Ciphertext 199,118,1110010011000010110101000111011111001001100001011010100011101111100100110000101101010001110111110010011000010110101000
Ciphertext 200,110,10000101101010001110111110010011000010110101000111011111001001100001011010100011101111100100110000101101010001
Ciphertext 201,24,110010011000010110101000
Ciphertext 202,94,1101010001110111110010011000010110101000111011111001001100001011010100011101111100100110000101
Ciphertext 203,87,101111100100110000101101010001110111110010011000010110101000111011111001001100001011010
Ciphertext 204,69,111100100110000101101010001110111110010011000010110101000111011111001
Ciphertext 205,103,1110111110010011000010110101000111011111001001100001011010100011101111100100110000101101010001110111110
Ciphertext 206,75,100110000101101010001110111110010011000010110101000111011111001001100001011
Ciphertext 207,85,1101111100100110000101101010001110111110010011000010110101000111011111001001100001011
Ciphertext 208,24,111100100110000101101010
Ciphertext 209,41,11010100011101111100100110000101101010001
Ciphertext 210,54,111110010011000010110101000111011111001001100001011010
Ciphertext 211,89,10101000111011111001001100001011010100011101111100100110000101101010001110111110010011000
Ciphertext 212,116,11001001100001011010100011101111100100110000101101010001110111110010011000010110101000111011111001001100001011010100
Ciphertext 213,32,11000010110101000111011111001001
Ciphertext 214,70,1011010100011101111100100110000101101010001110111110010011000010110101
Ciphertext 215,35,10010011000010110101000111011111001
Ciphertext 216,128,10010011000010110101000111011111001001100001011010100011101111100100110000101101010001110111110010011000010110101000111011111001
Ciphertext 217,88,1010100011101111100100110000101101010001110111110010011000010110101000111011111001001100
Ciphertext 218,72,111001001100001011010100011101111100100110000101101010001110111110010011
Ciphertext 219,61,1101010001110111110010011000010110101000111011111001001100001
Ciphertext 220,50,10101000111011111001001100001011010100011101111100
Ciphertext 221,38,11000010110101000111011111001001100001
Ciphertext 222,97,1000111011111001001100001011010100011101111100100110000101101010001110111110010011000010110101000
Ciphertext 223,24,111011111001001100001011
Ciphertext 224,71,11101111100100110000101101010001110111110010011000010110101000111011111
Ciphertext 225,105,101111100100110000101101010001110111110010011000010110101000111011111001001100001011010100011101111100100
Ciphertext 226,122,11101111100100110000101101010001110111110010011000010110101000111011111001001100001011010100011101111100100110000101101010
Ciphertext 227,93,111001001100001011010100011101111100100110000101101010001110111110010011000010110101000111011
Ciphertext 228,117,100001011010100011101111100100110000101101010001110111110010011000010110101000111011111001001100001011010100011101111
Ciphertext 229,33,111100100110000101101010001110111
Ciphertext 230,123,110000101101010001110111110010011000010110101000111011111001001100001011010100011101111100100110000101101010001110111110010
Ciphertext 231,24,110101000111011111001001
Ciphertext 232,43,1111001001100001011010100011101111100100110
Ciphertext 233,69,110000101101010001110111110010011000010110101000111011111001001100001
Ciphertext 234,100,1000010110101000111011111001001100001011010100011101111100100110000101101010001110111110010011000010
Ciphertext 235,91,1000111011111001001100001011010100011101111100100110000101101010001110111110010011000010110
Ciphertext 236,79,1111001001100001011010100011101111100100110000101101010001110111110010011000010
Ciphertext 237,61,1111100100110000101101010001110111110010011000010110101000111
Ciphertext 238,39,100001011010100011101111100100110000101
Ciphertext 239,126,101101010001110111110010011000010110101000111011111001001100001011010100011101111100100110000101101010001110111110010011000010
Ciphertext 240,93,101010001110111110010011000010110101000111011111001001100001011010100011101111100100110000101
Ciphertext 241,33,110111110010011000010110101000111
Ciphertext 242,34,1000111011111001001100001011010100
Ciphertext 243,95,10000101101010001110111110010011000010110101000111011111001001100001011010100011101111100100110
Ciphertext 244,119,10010011000010110101000111011111001001100001011010100011101111100100110000101101010001110111110010011000010110101000111
Ciphertext 245,67,1011010100011101111100100110000101101010001110111110010011000010110
Ciphertext 246,104,11111001001100001011010100011101111100100110000101101010001110111110010011000010110101000111011111001001
Ciphertext 247,124,1110111110010011000010110101000111011111001001100001011010100011101111100100110000101101010001110111110010011000010110101000
Ciphertext 248,24,110000101101010001110111
Ciphertext 249,85,1011111001001100001011010100011101111100100110000101101010001110111110010011000010110
Ciphertext 250,45,111001001100001011010100011101111100100110000
Ciphertext 251,69,100100110000101101010001110111110010011000010110101000111011111001001
Ciphertext 252,104,10111110010011000010110101000111011111001001100001011010100011101111100100110000101101010001110111110010
Ciphertext 253,96,101010001110111110010011000010110101000111011111001001100001011010100011101111100100110000101101
Ciphertext 254,84,110111110010011000010110101000111011111001001100001011010100011101111100100110000101
Ciphertext 255,45,110101000111011111001001100001011010100011101
Ciphertext 256,37,1000010110101000111011111001001100001
Ciphertext 257,121,1000111011111001001100001011010100011101111100100110000101101010001110111110010011000010110101000111011111001001100001011
Ciphertext 258,116,10000101101010001110111110010011000010110101000111011111001001100001011010100011101111100100110000101101010001110111
Ciphertext 259,74,11011111001001100001011010100011101111100100110000101101010001110111110010
Ciphertext 260,69,100011101111100100110000101101010001110111110010011000010110101000111
Ciphertext 261,77,11111001001100001011010100011101111100100110000101101010001110111110010011000
Ciphertext 262,44,10011000010110101000111011111001001100001011
Ciphertext 263,39,101000111011111001001100001011010100011
Ciphertext 264,89,11000010110101000111011111001001100001011010100011101111100100110000101101010001110111110
Ciphertext 265,124,1101010001110111110010011000010110101000111011111001001100001011010100011101111100100110000101101010001110111110010011000010
Ciphertext 266,94,1000010110101000111011111001001100001011010100011101111100100110000101101010001110111110010011
Ciphertext 267,40,1000010110101000111011111001001100001011
Ciphertext 268,128,11101111100100110000101101010001110111110010011000010110101000111011111001001100001011010100011101111100100110000101101010001110
Ciphertext 269,116,11011111001001100001011010100011101111100100110000101101010001110111110010011000010110101000111011111001001100001011
Ciphertext 270,25,1111100100110000101101010
Ciphertext 271,86,10111110010011000010110101000111011111001001100001011010100011101111100100110000101101
Ciphertext 272,112,1010100011101111100100110000101101010001110111110010011000010110101000111011111001001100001011010100011101111100
Ciphertext 273,66,111011111001001100001011010100011101111100100110000101101010001110
Ciphertext 274,85,1110010011000010110101000111011111001001100001011010100011101111100100110000101101010
Ciphertext 275,119,10101000111011111001001100001011010100011101111100100110000101101010001110111110010011000010110101000111011111001001100
Ciphertext 276,55,1001100001011010100011101111100100110000101101010001110
Ciphertext 277,53,11100100110000101101010001110111110010011000010110101
Ciphertext 278,53,11111001001100001011010100011101111100100110000101101
Ciphertext 279,104,11011111001001100001011010100011101111100100110000101101010001110111110010011000010110101000111011111001
Ciphertext 280,49,1001100001011010100011101111100100110000101101010
Ciphertext 281,61,1101111100100110000101101010001110111110010011000010110101000
Ciphertext 282,71,10100011101111100100110000101101010001110111110010011000010110101000111
Ciphertext 283,108,101111100100110000101101010001110111110010011000010110101000111011111001001100001011010100011101111100100110
Ciphertext 284,59,10110101000111011111001001100001011010100011101111100100110
Ciphertext 285,89,11111001001100001011010100011101111100100110000101101010001110111110010011000010110101000
Ciphertext 286,106,1010100011101111100100110000101101010001110111110010011000010110101000111011111001001100001011010100011101
Ciphertext 287,73,1111100100110000101101010001110111110010011000010110101000111011111001001
Ciphertext 288,45,101101010001110111110010011000010110101000111
Ciphertext 289,28,1001001100001011010100011101
Ciphertext 290,102,111100100110000101101010001110111110010011000010110101000111011111001001100001011010100011101111100100
Ciphertext 291,114,101010001110111110010011000010110101000111011111001001100001011010100011101111100100110000101101010001110111110010
Ciphertext 292,25,1100100110000101101010001
Ciphertext 293,98,11001001100001011010100011101111100100110000101101010001110111110010011000010110101000111011111001
Ciphertext 294,46,1001001100001011010100011101111100100110000101
Ciphertext 295,106,1000010110101000111011111001001100001011010100011101111100100110000101101010001110111110010011000010110101
Ciphertext 296,60,111100100110000101101010001110111110010011000010110101000111
Ciphertext 297,78,100011101111100100110000101101010001110111110010011000010110101000111011111001
Ciphertext 298,125,10100011101111100100110000101101010001110111110010011000010110101000111011111001001100001011010100011101111100100110000101101
Ciphertext 299,111,111110010011000010110101000111011111001001100001011010100011101111100100110000101101010001110111110010011000010
Ciphertext 300,93,101010001110111110010011000010110101000111011111001001100001011010100011101111100100110000101
Ciphertext 301,26,10011000010110101000111011
Ciphertext 302,28,1100100110000101101010001110
Ciphertext 303,28,1111001001100001011010100011
Ciphertext 304,126,111110010011000010110101000111011111001001100001011010100011101111100100110000101101010001110111110010011000010110101000111011
Ciphertext 305,75,111100100110000101101010001110111110010011000010110101000111011111001001100
Ciphertext 306,112,1001100001011010100011101111100100110000101101010001110111110010011000010110101000111011111001001100001011010100
Ciphertext 307,34,1101010001110111110010011000010110
Ciphertext 308,87,111011111001001100001011010100011101111100100110000101101010001110111110010011000010110
Ciphertext 309,36,100011101111100100110000101101010001
Ciphertext 310,67,1010100011101111100100110000101101010001110111110010011000010110101
Ciphertext 311,88,1110010011000010110101000111011111001001100001011010100011101111100100110000101101010001
Ciphertext 312,53,11100100110000101101010001110111110010011000010110101
Ciphertext 313,87,101101010001110111110010011000010110101000111011111001001100001011010100011101111100100
Ciphertext 314,120,101101010001110111110010011000010110101000111011111001001100001011010100011101111100100110000101101010001110111110010011
Ciphertext 315,37,1111100100110000101101010001110111110
Ciphertext 316,48,111110010011000010110101000111011111001001100001
Ciphertext 317,41,10100011101111100100110000101101010001110
Ciphertext 318,106,1000010110101000111011111001001100001011010100011101111100100110000101101010001110111110010011000010110101
Ciphertext 319,112,1011010100011101111100100110000101101010001110111110010011000010110101000111011111001001100001011010100011101111
Ciphertext 320,26,10100011101111100100110000
Ciphertext 321,45,101010001110111110010011000010110101000111011
Ciphertext 322,113,10010011000010110101000111011111001001100001011010100011101111100100110000101101010001110111110010011000010110101
